{
	"type" : "object",
	"varname" : "UmbrellaC",
	"properties" : {
		"type" : { 
			"type" : "string",
			"enum" : ["Umbrella"]
		},
		"ksprings" : {
			"type" : "array",
			"minItems" : 1,
			"items" : {
				"type" : "number"
			}
		},
		"centers" : {
			"type" : "array",
			"minItems" : 1,
			"items" : {
				"type" : "number"
			}
		},
		"frequency" : {
			"type" : "integer",
			"minimum" : 1
		},
		"file_name" :{
			"type" : "string"
		},
		"log_frequency" : {
			"type" : "integer"
		}
	},
	"required": ["type", "ksprings", "centers", "file_name"],
	"additionalProperties": false
}
