{
    "driver": [
        {
            "MDSteps": 10000000,
            "number processors": 1,
            "CVs": [
                {
                    "type": "AtomCoordinate",
                    "atom id": 1,
                    "dimension": "x"
                },
                {
                    "type": "AtomCoordinate",
                    "atom id": 1,
                    "dimension": "y"
                }
            ],
            "logfile": "log",
            "type": "LAMMPS",
            "method": {
                "flavor": "ElasticBand",
                "evolution_steps": 50,
                "tolerance": [
                    0.0001,
                    0.0001
                ],
                "ksprings": [
                    150,
                    150
                ],
                "kstring": 1,
                "frequency": 1,
                "equilibration_steps": 1000,
                "time_step": 0.1,
                "block_iterations": 50,
                "type": "String",
                "centers": [
                    -0.7,
                    -0.5
                ],
                "max_iterations": 100000
            }
        },
        {
            "number processors": 1,
            "MDSteps": 10000000,
            "CVs": [
                {
                    "type": "AtomCoordinate",
                    "atom id": 1,
                    "dimension": "x"
                },
                {
                    "type": "AtomCoordinate",
                    "atom id": 1,
                    "dimension": "y"
                }
            ],
            "logfile": "log",
            "type": "LAMMPS",
            "method": {
                "evolution_steps": 50,
                "type": "String",
                "ksprings": [
                    150,
                    150
                ],
                "kstring": 1,
                "centers": [
                    -0.607,
                    -0.4
                ],
                "frequency": 1,
                "equilibration_steps": 1000,
                "time_step": 0.1,
                "flavor": "ElasticBand",
                "tolerance": [
                    0.0001,
                    0.0001
                ],
                "block_iterations": 50,
                "max_iterations": 100000
            }
        },
        {
            "number processors": 1,
            "MDSteps": 10000000,
            "CVs": [
                {
                    "type": "AtomCoordinate",
                    "atom id": 1,
                    "dimension": "x"
                },
                {
                    "type": "AtomCoordinate",
                    "atom id": 1,
                    "dimension": "y"
                }
            ],
            "logfile": "log",
            "type": "LAMMPS",
            "method": {
                "evolution_steps": 50,
                "type": "String",
                "ksprings": [
                    150,
                    150
                ],
                "kstring": 1,
                "centers": [
                    -0.513,
                    -0.3
                ],
                "frequency": 1,
                "equilibration_steps": 1000,
                "time_step": 0.1,
                "flavor": "ElasticBand",
                "tolerance": [
                    0.0001,
                    0.0001
                ],
                "block_iterations": 50,
                "max_iterations": 100000
            }
        },
        {
            "number processors": 1,
            "MDSteps": 10000000,
            "CVs": [
                {
                    "type": "AtomCoordinate",
                    "atom id": 1,
                    "dimension": "x"
                },
                {
                    "type": "AtomCoordinate",
                    "atom id": 1,
                    "dimension": "y"
                }
            ],
            "logfile": "log",
            "type": "LAMMPS",
            "method": {
                "evolution_steps": 50,
                "type": "String",
                "ksprings": [
                    150,
                    150
                ],
                "kstring": 1,
                "centers": [
                    -0.42,
                    -0.2
                ],
                "frequency": 1,
                "equilibration_steps": 1000,
                "time_step": 0.1,
                "flavor": "ElasticBand",
                "tolerance": [
                    0.0001,
                    0.0001
                ],
                "block_iterations": 50,
                "max_iterations": 100000
            }
        },
        {
            "number processors": 1,
            "MDSteps": 10000000,
            "CVs": [
                {
                    "type": "AtomCoordinate",
                    "atom id": 1,
                    "dimension": "x"
                },
                {
                    "type": "AtomCoordinate",
                    "atom id": 1,
                    "dimension": "y"
                }
            ],
            "logfile": "log",
            "type": "LAMMPS",
            "method": {
                "evolution_steps": 50,
                "type": "String",
                "ksprings": [
                    150,
                    150
                ],
                "kstring": 1,
                "centers": [
                    -0.327,
                    -0.1
                ],
                "frequency": 1,
                "equilibration_steps": 1000,
                "time_step": 0.1,
                "flavor": "ElasticBand",
                "tolerance": [
                    0.0001,
                    0.0001
                ],
                "block_iterations": 50,
                "max_iterations": 100000
            }
        },
        {
            "number processors": 1,
            "MDSteps": 10000000,
            "CVs": [
                {
                    "type": "AtomCoordinate",
                    "atom id": 1,
                    "dimension": "x"
                },
                {
                    "type": "AtomCoordinate",
                    "atom id": 1,
                    "dimension": "y"
                }
            ],
            "logfile": "log",
            "type": "LAMMPS",
            "method": {
                "evolution_steps": 50,
                "type": "String",
                "ksprings": [
                    150,
                    150
                ],
                "kstring": 1,
                "centers": [
                    -0.233,
                    0.0
                ],
                "frequency": 1,
                "equilibration_steps": 1000,
                "time_step": 0.1,
                "flavor": "ElasticBand",
                "tolerance": [
                    0.0001,
                    0.0001
                ],
                "block_iterations": 50,
                "max_iterations": 100000
            }
        },
        {
            "number processors": 1,
            "MDSteps": 10000000,
            "CVs": [
                {
                    "type": "AtomCoordinate",
                    "atom id": 1,
                    "dimension": "x"
                },
                {
                    "type": "AtomCoordinate",
                    "atom id": 1,
                    "dimension": "y"
                }
            ],
            "logfile": "log",
            "type": "LAMMPS",
            "method": {
                "evolution_steps": 50,
                "type": "String",
                "ksprings": [
                    150,
                    150
                ],
                "kstring": 1,
                "centers": [
                    -0.14,
                    0.1
                ],
                "frequency": 1,
                "equilibration_steps": 1000,
                "time_step": 0.1,
                "flavor": "ElasticBand",
                "tolerance": [
                    0.0001,
                    0.0001
                ],
                "block_iterations": 50,
                "max_iterations": 100000
            }
        },
        {
            "number processors": 1,
            "MDSteps": 10000000,
            "CVs": [
                {
                    "type": "AtomCoordinate",
                    "atom id": 1,
                    "dimension": "x"
                },
                {
                    "type": "AtomCoordinate",
                    "atom id": 1,
                    "dimension": "y"
                }
            ],
            "logfile": "log",
            "type": "LAMMPS",
            "method": {
                "evolution_steps": 50,
                "type": "String",
                "ksprings": [
                    150,
                    150
                ],
                "kstring": 1,
                "centers": [
                    -0.047,
                    0.2
                ],
                "frequency": 1,
                "equilibration_steps": 1000,
                "time_step": 0.1,
                "flavor": "ElasticBand",
                "tolerance": [
                    0.0001,
                    0.0001
                ],
                "block_iterations": 50,
                "max_iterations": 100000
            }
        },
        {
            "number processors": 1,
            "MDSteps": 10000000,
            "CVs": [
                {
                    "type": "AtomCoordinate",
                    "atom id": 1,
                    "dimension": "x"
                },
                {
                    "type": "AtomCoordinate",
                    "atom id": 1,
                    "dimension": "y"
                }
            ],
            "logfile": "log",
            "type": "LAMMPS",
            "method": {
                "evolution_steps": 50,
                "type": "String",
                "ksprings": [
                    150,
                    150
                ],
                "kstring": 1,
                "centers": [
                    0.047,
                    0.3
                ],
                "frequency": 1,
                "equilibration_steps": 1000,
                "time_step": 0.1,
                "flavor": "ElasticBand",
                "tolerance": [
                    0.0001,
                    0.0001
                ],
                "block_iterations": 50,
                "max_iterations": 100000
            }
        },
        {
            "number processors": 1,
            "MDSteps": 10000000,
            "CVs": [
                {
                    "type": "AtomCoordinate",
                    "atom id": 1,
                    "dimension": "x"
                },
                {
                    "type": "AtomCoordinate",
                    "atom id": 1,
                    "dimension": "y"
                }
            ],
            "logfile": "log",
            "type": "LAMMPS",
            "method": {
                "evolution_steps": 50,
                "type": "String",
                "ksprings": [
                    150,
                    150
                ],
                "kstring": 1,
                "centers": [
                    0.14,
                    0.4
                ],
                "frequency": 1,
                "equilibration_steps": 1000,
                "time_step": 0.1,
                "flavor": "ElasticBand",
                "tolerance": [
                    0.0001,
                    0.0001
                ],
                "block_iterations": 50,
                "max_iterations": 100000
            }
        },
        {
            "number processors": 1,
            "MDSteps": 10000000,
            "CVs": [
                {
                    "type": "AtomCoordinate",
                    "atom id": 1,
                    "dimension": "x"
                },
                {
                    "type": "AtomCoordinate",
                    "atom id": 1,
                    "dimension": "y"
                }
            ],
            "logfile": "log",
            "type": "LAMMPS",
            "method": {
                "evolution_steps": 50,
                "type": "String",
                "ksprings": [
                    150,
                    150
                ],
                "kstring": 1,
                "centers": [
                    0.233,
                    0.5
                ],
                "frequency": 1,
                "equilibration_steps": 1000,
                "time_step": 0.1,
                "flavor": "ElasticBand",
                "tolerance": [
                    0.0001,
                    0.0001
                ],
                "block_iterations": 50,
                "max_iterations": 100000
            }
        },
        {
            "number processors": 1,
            "MDSteps": 10000000,
            "CVs": [
                {
                    "type": "AtomCoordinate",
                    "atom id": 1,
                    "dimension": "x"
                },
                {
                    "type": "AtomCoordinate",
                    "atom id": 1,
                    "dimension": "y"
                }
            ],
            "logfile": "log",
            "type": "LAMMPS",
            "method": {
                "evolution_steps": 50,
                "type": "String",
                "ksprings": [
                    150,
                    150
                ],
                "kstring": 1,
                "centers": [
                    0.327,
                    0.6
                ],
                "frequency": 1,
                "equilibration_steps": 1000,
                "time_step": 0.1,
                "flavor": "ElasticBand",
                "tolerance": [
                    0.0001,
                    0.0001
                ],
                "block_iterations": 50,
                "max_iterations": 100000
            }
        },
        {
            "number processors": 1,
            "MDSteps": 10000000,
            "CVs": [
                {
                    "type": "AtomCoordinate",
                    "atom id": 1,
                    "dimension": "x"
                },
                {
                    "type": "AtomCoordinate",
                    "atom id": 1,
                    "dimension": "y"
                }
            ],
            "logfile": "log",
            "type": "LAMMPS",
            "method": {
                "evolution_steps": 50,
                "type": "String",
                "ksprings": [
                    150,
                    150
                ],
                "kstring": 1,
                "centers": [
                    0.42,
                    0.7
                ],
                "frequency": 1,
                "equilibration_steps": 1000,
                "time_step": 0.1,
                "flavor": "ElasticBand",
                "tolerance": [
                    0.0001,
                    0.0001
                ],
                "block_iterations": 50,
                "max_iterations": 100000
            }
        },
        {
            "number processors": 1,
            "MDSteps": 10000000,
            "CVs": [
                {
                    "type": "AtomCoordinate",
                    "atom id": 1,
                    "dimension": "x"
                },
                {
                    "type": "AtomCoordinate",
                    "atom id": 1,
                    "dimension": "y"
                }
            ],
            "logfile": "log",
            "type": "LAMMPS",
            "method": {
                "evolution_steps": 50,
                "type": "String",
                "ksprings": [
                    150,
                    150
                ],
                "kstring": 1,
                "centers": [
                    0.513,
                    0.8
                ],
                "frequency": 1,
                "equilibration_steps": 1000,
                "time_step": 0.1,
                "flavor": "ElasticBand",
                "tolerance": [
                    0.0001,
                    0.0001
                ],
                "block_iterations": 50,
                "max_iterations": 100000
            }
        },
        {
            "number processors": 1,
            "MDSteps": 10000000,
            "CVs": [
                {
                    "type": "AtomCoordinate",
                    "atom id": 1,
                    "dimension": "x"
                },
                {
                    "type": "AtomCoordinate",
                    "atom id": 1,
                    "dimension": "y"
                }
            ],
            "logfile": "log",
            "type": "LAMMPS",
            "method": {
                "evolution_steps": 50,
                "type": "String",
                "ksprings": [
                    150,
                    150
                ],
                "kstring": 1,
                "centers": [
                    0.607,
                    0.9
                ],
                "frequency": 1,
                "equilibration_steps": 1000,
                "time_step": 0.1,
                "flavor": "ElasticBand",
                "tolerance": [
                    0.0001,
                    0.0001
                ],
                "block_iterations": 50,
                "max_iterations": 100000
            }
        },
        {
            "number processors": 1,
            "MDSteps": 10000000,
            "CVs": [
                {
                    "type": "AtomCoordinate",
                    "atom id": 1,
                    "dimension": "x"
                },
                {
                    "type": "AtomCoordinate",
                    "atom id": 1,
                    "dimension": "y"
                }
            ],
            "logfile": "log",
            "type": "LAMMPS",
            "method": {
                "evolution_steps": 50,
                "type": "String",
                "ksprings": [
                    150,
                    150
                ],
                "kstring": 1,
                "centers": [
                    0.7,
                    1.0
                ],
                "frequency": 1,
                "equilibration_steps": 1000,
                "time_step": 0.1,
                "flavor": "ElasticBand",
                "tolerance": [
                    0.0001,
                    0.0001
                ],
                "block_iterations": 50,
                "max_iterations": 100000
            }
        }
    ],
    "inputfile": "in.LAMMPS_Single_Atom"
}