{
    "inputfile" : "in.ADP_FTS_Test",
    "CVs": [
        {
            "periodic": true,
            "type": "Torsional",
            "atom ids": [
                5,
                7,
                9,
                15
            ]
        },
        {
            "periodic": true,
            "type": "Torsional",
            "atom ids": [
                7,
                9,
                15,
                17
            ]
        }
    ],
    "method" : {
        "type" : "Metadynamics",
        "widths" : [
            0.05,
            0.05
        ],
        "height" : 0.5
    },
    "driver" : [
        {
            "number processors" : 1,
            "type" : "LAMMPS",
            "MDSteps" : 2000000,
            "logfile" : "none"
        }
    ]
}
