{
	"type": "object",
	"varname" : "grid",
	"properties" : {
		"lower" : {
			"type" : "array",
			"minItems" : 1,
			"maxItems" : 3,
			"items" : {
				"type" : "number"
			}
		},
		"upper" : {
			"type" : "array",
			"minItems" : 1,
			"maxItems" : 3,
			"items" : {
				"type" : "number"
			}
		},
		"number_points" : {
			"type" : "array",
			"minItems" : 1,
			"maxItems" : 3,
			"items" : {
				"type" : "number"
			}
		},
		"periodic" : {
			"type" : "array",
			"minItems" : 1,
			"maxItems" : 3,
			"items" : {
				"type" : "boolean"
			}
		},
		"values" : {
			"type" : "array",
			"items" : {
				"type" : "number"
			}
		}
	},
	"required" : ["lower", "upper", "number_points"],
	"additionalProperties" : false
}