{
    "driver": [
        {
            "MDSteps": 100000000,
            "number processors": 1,
            "CVs": [
                {
                    "atom_ids": [
                        5,
                        7,
                        9,
                        15
                    ],
                    "periodic": true,
                    "type": "Torsional"
                },
                {
                    "atom_ids": [
                        7,
                        9,
                        15,
                        17
                    ],
                    "periodic": true,
                    "type": "Torsional"
                }
            ],
            "logfile": "log",
            "type": "LAMMPS",
            "method": {
                "initial_steps": 10000,
                "type": "String",
                "ksprings": [
                    100,
                    100
                ],
                "frequency": 1,
                "number_of_trajectories": 100,
                "swarm_length": 20,
                "harvest_length": 10,
                "flavor": "SWARM",
                "tolerance": [
                    0.001,
                    0.001
                ],
                "centers": [
                    -1.39,
                    1.31
                ],
                "max_iterations": 100000
            }
        },
        {
            "number processors": 1,
            "MDSteps": 100000000,
            "CVs": [
                {
                    "type": "Torsional",
                    "periodic": true,
                    "atom_ids": [
                        5,
                        7,
                        9,
                        15
                    ]
                },
                {
                    "type": "Torsional",
                    "periodic": true,
                    "atom_ids": [
                        7,
                        9,
                        15,
                        17
                    ]
                }
            ],
            "logfile": "log",
            "type": "LAMMPS",
            "method": {
                "initial_steps": 10000,
                "tolerance": [
                    0.001,
                    0.001
                ],
                "ksprings": [
                    100,
                    100
                ],
                "frequency": 1,
                "harvest_length": 10,
                "number_of_trajectories": 100,
                "swarm_length": 20,
                "flavor": "SWARM",
                "type": "String",
                "centers": [
                    -1.282,
                    1.165
                ],
                "max_iterations": 100000
            }
        },
        {
            "number processors": 1,
            "MDSteps": 100000000,
            "CVs": [
                {
                    "type": "Torsional",
                    "periodic": true,
                    "atom_ids": [
                        5,
                        7,
                        9,
                        15
                    ]
                },
                {
                    "type": "Torsional",
                    "periodic": true,
                    "atom_ids": [
                        7,
                        9,
                        15,
                        17
                    ]
                }
            ],
            "logfile": "log",
            "type": "LAMMPS",
            "method": {
                "initial_steps": 10000,
                "tolerance": [
                    0.001,
                    0.001
                ],
                "ksprings": [
                    100,
                    100
                ],
                "frequency": 1,
                "harvest_length": 10,
                "number_of_trajectories": 100,
                "swarm_length": 20,
                "flavor": "SWARM",
                "type": "String",
                "centers": [
                    -1.175,
                    1.02
                ],
                "max_iterations": 100000
            }
        },
        {
            "number processors": 1,
            "MDSteps": 100000000,
            "CVs": [
                {
                    "type": "Torsional",
                    "periodic": true,
                    "atom_ids": [
                        5,
                        7,
                        9,
                        15
                    ]
                },
                {
                    "type": "Torsional",
                    "periodic": true,
                    "atom_ids": [
                        7,
                        9,
                        15,
                        17
                    ]
                }
            ],
            "logfile": "log",
            "type": "LAMMPS",
            "method": {
                "initial_steps": 10000,
                "tolerance": [
                    0.001,
                    0.001
                ],
                "ksprings": [
                    100,
                    100
                ],
                "frequency": 1,
                "harvest_length": 10,
                "number_of_trajectories": 100,
                "swarm_length": 20,
                "flavor": "SWARM",
                "type": "String",
                "centers": [
                    -1.067,
                    0.874
                ],
                "max_iterations": 100000
            }
        },
        {
            "number processors": 1,
            "MDSteps": 100000000,
            "CVs": [
                {
                    "type": "Torsional",
                    "periodic": true,
                    "atom_ids": [
                        5,
                        7,
                        9,
                        15
                    ]
                },
                {
                    "type": "Torsional",
                    "periodic": true,
                    "atom_ids": [
                        7,
                        9,
                        15,
                        17
                    ]
                }
            ],
            "logfile": "log",
            "type": "LAMMPS",
            "method": {
                "initial_steps": 10000,
                "tolerance": [
                    0.001,
                    0.001
                ],
                "ksprings": [
                    100,
                    100
                ],
                "frequency": 1,
                "harvest_length": 10,
                "number_of_trajectories": 100,
                "swarm_length": 20,
                "flavor": "SWARM",
                "type": "String",
                "centers": [
                    -0.96,
                    0.729
                ],
                "max_iterations": 100000
            }
        },
        {
            "number processors": 1,
            "MDSteps": 100000000,
            "CVs": [
                {
                    "type": "Torsional",
                    "periodic": true,
                    "atom_ids": [
                        5,
                        7,
                        9,
                        15
                    ]
                },
                {
                    "type": "Torsional",
                    "periodic": true,
                    "atom_ids": [
                        7,
                        9,
                        15,
                        17
                    ]
                }
            ],
            "logfile": "log",
            "type": "LAMMPS",
            "method": {
                "initial_steps": 10000,
                "tolerance": [
                    0.001,
                    0.001
                ],
                "ksprings": [
                    100,
                    100
                ],
                "frequency": 1,
                "harvest_length": 10,
                "number_of_trajectories": 100,
                "swarm_length": 20,
                "flavor": "SWARM",
                "type": "String",
                "centers": [
                    -0.852,
                    0.584
                ],
                "max_iterations": 100000
            }
        },
        {
            "number processors": 1,
            "MDSteps": 100000000,
            "CVs": [
                {
                    "type": "Torsional",
                    "periodic": true,
                    "atom_ids": [
                        5,
                        7,
                        9,
                        15
                    ]
                },
                {
                    "type": "Torsional",
                    "periodic": true,
                    "atom_ids": [
                        7,
                        9,
                        15,
                        17
                    ]
                }
            ],
            "logfile": "log",
            "type": "LAMMPS",
            "method": {
                "initial_steps": 10000,
                "tolerance": [
                    0.001,
                    0.001
                ],
                "ksprings": [
                    100,
                    100
                ],
                "frequency": 1,
                "harvest_length": 10,
                "number_of_trajectories": 100,
                "swarm_length": 20,
                "flavor": "SWARM",
                "type": "String",
                "centers": [
                    -0.744,
                    0.439
                ],
                "max_iterations": 100000
            }
        },
        {
            "number processors": 1,
            "MDSteps": 100000000,
            "CVs": [
                {
                    "type": "Torsional",
                    "periodic": true,
                    "atom_ids": [
                        5,
                        7,
                        9,
                        15
                    ]
                },
                {
                    "type": "Torsional",
                    "periodic": true,
                    "atom_ids": [
                        7,
                        9,
                        15,
                        17
                    ]
                }
            ],
            "logfile": "log",
            "type": "LAMMPS",
            "method": {
                "initial_steps": 10000,
                "tolerance": [
                    0.001,
                    0.001
                ],
                "ksprings": [
                    100,
                    100
                ],
                "frequency": 1,
                "harvest_length": 10,
                "number_of_trajectories": 100,
                "swarm_length": 20,
                "flavor": "SWARM",
                "type": "String",
                "centers": [
                    -0.637,
                    0.293
                ],
                "max_iterations": 100000
            }
        },
        {
            "number processors": 1,
            "MDSteps": 100000000,
            "CVs": [
                {
                    "type": "Torsional",
                    "periodic": true,
                    "atom_ids": [
                        5,
                        7,
                        9,
                        15
                    ]
                },
                {
                    "type": "Torsional",
                    "periodic": true,
                    "atom_ids": [
                        7,
                        9,
                        15,
                        17
                    ]
                }
            ],
            "logfile": "log",
            "type": "LAMMPS",
            "method": {
                "initial_steps": 10000,
                "tolerance": [
                    0.001,
                    0.001
                ],
                "ksprings": [
                    100,
                    100
                ],
                "frequency": 1,
                "harvest_length": 10,
                "number_of_trajectories": 100,
                "swarm_length": 20,
                "flavor": "SWARM",
                "type": "String",
                "centers": [
                    -0.529,
                    0.148
                ],
                "max_iterations": 100000
            }
        },
        {
            "number processors": 1,
            "MDSteps": 100000000,
            "CVs": [
                {
                    "type": "Torsional",
                    "periodic": true,
                    "atom_ids": [
                        5,
                        7,
                        9,
                        15
                    ]
                },
                {
                    "type": "Torsional",
                    "periodic": true,
                    "atom_ids": [
                        7,
                        9,
                        15,
                        17
                    ]
                }
            ],
            "logfile": "log",
            "type": "LAMMPS",
            "method": {
                "initial_steps": 10000,
                "tolerance": [
                    0.001,
                    0.001
                ],
                "ksprings": [
                    100,
                    100
                ],
                "frequency": 1,
                "harvest_length": 10,
                "number_of_trajectories": 100,
                "swarm_length": 20,
                "flavor": "SWARM",
                "type": "String",
                "centers": [
                    -0.421,
                    0.003
                ],
                "max_iterations": 100000
            }
        },
        {
            "number processors": 1,
            "MDSteps": 100000000,
            "CVs": [
                {
                    "type": "Torsional",
                    "periodic": true,
                    "atom_ids": [
                        5,
                        7,
                        9,
                        15
                    ]
                },
                {
                    "type": "Torsional",
                    "periodic": true,
                    "atom_ids": [
                        7,
                        9,
                        15,
                        17
                    ]
                }
            ],
            "logfile": "log",
            "type": "LAMMPS",
            "method": {
                "initial_steps": 10000,
                "tolerance": [
                    0.001,
                    0.001
                ],
                "ksprings": [
                    100,
                    100
                ],
                "frequency": 1,
                "harvest_length": 10,
                "number_of_trajectories": 100,
                "swarm_length": 20,
                "flavor": "SWARM",
                "type": "String",
                "centers": [
                    -0.314,
                    -0.142
                ],
                "max_iterations": 100000
            }
        },
        {
            "number processors": 1,
            "MDSteps": 100000000,
            "CVs": [
                {
                    "type": "Torsional",
                    "periodic": true,
                    "atom_ids": [
                        5,
                        7,
                        9,
                        15
                    ]
                },
                {
                    "type": "Torsional",
                    "periodic": true,
                    "atom_ids": [
                        7,
                        9,
                        15,
                        17
                    ]
                }
            ],
            "logfile": "log",
            "type": "LAMMPS",
            "method": {
                "initial_steps": 10000,
                "tolerance": [
                    0.001,
                    0.001
                ],
                "ksprings": [
                    100,
                    100
                ],
                "frequency": 1,
                "harvest_length": 10,
                "number_of_trajectories": 100,
                "swarm_length": 20,
                "flavor": "SWARM",
                "type": "String",
                "centers": [
                    -0.206,
                    -0.288
                ],
                "max_iterations": 100000
            }
        },
        {
            "number processors": 1,
            "MDSteps": 100000000,
            "CVs": [
                {
                    "type": "Torsional",
                    "periodic": true,
                    "atom_ids": [
                        5,
                        7,
                        9,
                        15
                    ]
                },
                {
                    "type": "Torsional",
                    "periodic": true,
                    "atom_ids": [
                        7,
                        9,
                        15,
                        17
                    ]
                }
            ],
            "logfile": "log",
            "type": "LAMMPS",
            "method": {
                "initial_steps": 10000,
                "tolerance": [
                    0.001,
                    0.001
                ],
                "ksprings": [
                    100,
                    100
                ],
                "frequency": 1,
                "harvest_length": 10,
                "number_of_trajectories": 100,
                "swarm_length": 20,
                "flavor": "SWARM",
                "type": "String",
                "centers": [
                    -0.099,
                    -0.433
                ],
                "max_iterations": 100000
            }
        },
        {
            "number processors": 1,
            "MDSteps": 100000000,
            "CVs": [
                {
                    "type": "Torsional",
                    "periodic": true,
                    "atom_ids": [
                        5,
                        7,
                        9,
                        15
                    ]
                },
                {
                    "type": "Torsional",
                    "periodic": true,
                    "atom_ids": [
                        7,
                        9,
                        15,
                        17
                    ]
                }
            ],
            "logfile": "log",
            "type": "LAMMPS",
            "method": {
                "initial_steps": 10000,
                "tolerance": [
                    0.001,
                    0.001
                ],
                "ksprings": [
                    100,
                    100
                ],
                "frequency": 1,
                "harvest_length": 10,
                "number_of_trajectories": 100,
                "swarm_length": 20,
                "flavor": "SWARM",
                "type": "String",
                "centers": [
                    0.009,
                    -0.578
                ],
                "max_iterations": 100000
            }
        },
        {
            "number processors": 1,
            "MDSteps": 100000000,
            "CVs": [
                {
                    "type": "Torsional",
                    "periodic": true,
                    "atom_ids": [
                        5,
                        7,
                        9,
                        15
                    ]
                },
                {
                    "type": "Torsional",
                    "periodic": true,
                    "atom_ids": [
                        7,
                        9,
                        15,
                        17
                    ]
                }
            ],
            "logfile": "log",
            "type": "LAMMPS",
            "method": {
                "initial_steps": 10000,
                "tolerance": [
                    0.001,
                    0.001
                ],
                "ksprings": [
                    100,
                    100
                ],
                "frequency": 1,
                "harvest_length": 10,
                "number_of_trajectories": 100,
                "swarm_length": 20,
                "flavor": "SWARM",
                "type": "String",
                "centers": [
                    0.117,
                    -0.723
                ],
                "max_iterations": 100000
            }
        },
        {
            "number processors": 1,
            "MDSteps": 100000000,
            "CVs": [
                {
                    "type": "Torsional",
                    "periodic": true,
                    "atom_ids": [
                        5,
                        7,
                        9,
                        15
                    ]
                },
                {
                    "type": "Torsional",
                    "periodic": true,
                    "atom_ids": [
                        7,
                        9,
                        15,
                        17
                    ]
                }
            ],
            "logfile": "log",
            "type": "LAMMPS",
            "method": {
                "initial_steps": 10000,
                "tolerance": [
                    0.001,
                    0.001
                ],
                "ksprings": [
                    100,
                    100
                ],
                "frequency": 1,
                "harvest_length": 10,
                "number_of_trajectories": 100,
                "swarm_length": 20,
                "flavor": "SWARM",
                "type": "String",
                "centers": [
                    0.224,
                    -0.869
                ],
                "max_iterations": 100000
            }
        },
        {
            "number processors": 1,
            "MDSteps": 100000000,
            "CVs": [
                {
                    "type": "Torsional",
                    "periodic": true,
                    "atom_ids": [
                        5,
                        7,
                        9,
                        15
                    ]
                },
                {
                    "type": "Torsional",
                    "periodic": true,
                    "atom_ids": [
                        7,
                        9,
                        15,
                        17
                    ]
                }
            ],
            "logfile": "log",
            "type": "LAMMPS",
            "method": {
                "initial_steps": 10000,
                "tolerance": [
                    0.001,
                    0.001
                ],
                "ksprings": [
                    100,
                    100
                ],
                "frequency": 1,
                "harvest_length": 10,
                "number_of_trajectories": 100,
                "swarm_length": 20,
                "flavor": "SWARM",
                "type": "String",
                "centers": [
                    0.332,
                    -1.014
                ],
                "max_iterations": 100000
            }
        },
        {
            "number processors": 1,
            "MDSteps": 100000000,
            "CVs": [
                {
                    "type": "Torsional",
                    "periodic": true,
                    "atom_ids": [
                        5,
                        7,
                        9,
                        15
                    ]
                },
                {
                    "type": "Torsional",
                    "periodic": true,
                    "atom_ids": [
                        7,
                        9,
                        15,
                        17
                    ]
                }
            ],
            "logfile": "log",
            "type": "LAMMPS",
            "method": {
                "initial_steps": 10000,
                "tolerance": [
                    0.001,
                    0.001
                ],
                "ksprings": [
                    100,
                    100
                ],
                "frequency": 1,
                "harvest_length": 10,
                "number_of_trajectories": 100,
                "swarm_length": 20,
                "flavor": "SWARM",
                "type": "String",
                "centers": [
                    0.44,
                    -1.159
                ],
                "max_iterations": 100000
            }
        },
        {
            "number processors": 1,
            "MDSteps": 100000000,
            "CVs": [
                {
                    "type": "Torsional",
                    "periodic": true,
                    "atom_ids": [
                        5,
                        7,
                        9,
                        15
                    ]
                },
                {
                    "type": "Torsional",
                    "periodic": true,
                    "atom_ids": [
                        7,
                        9,
                        15,
                        17
                    ]
                }
            ],
            "logfile": "log",
            "type": "LAMMPS",
            "method": {
                "initial_steps": 10000,
                "tolerance": [
                    0.001,
                    0.001
                ],
                "ksprings": [
                    100,
                    100
                ],
                "frequency": 1,
                "harvest_length": 10,
                "number_of_trajectories": 100,
                "swarm_length": 20,
                "flavor": "SWARM",
                "type": "String",
                "centers": [
                    0.547,
                    -1.304
                ],
                "max_iterations": 100000
            }
        },
        {
            "number processors": 1,
            "MDSteps": 100000000,
            "CVs": [
                {
                    "type": "Torsional",
                    "periodic": true,
                    "atom_ids": [
                        5,
                        7,
                        9,
                        15
                    ]
                },
                {
                    "type": "Torsional",
                    "periodic": true,
                    "atom_ids": [
                        7,
                        9,
                        15,
                        17
                    ]
                }
            ],
            "logfile": "log",
            "type": "LAMMPS",
            "method": {
                "initial_steps": 10000,
                "tolerance": [
                    0.001,
                    0.001
                ],
                "ksprings": [
                    100,
                    100
                ],
                "frequency": 1,
                "harvest_length": 10,
                "number_of_trajectories": 100,
                "swarm_length": 20,
                "flavor": "SWARM",
                "type": "String",
                "centers": [
                    0.655,
                    -1.45
                ],
                "max_iterations": 100000
            }
        },
        {
            "number processors": 1,
            "MDSteps": 100000000,
            "CVs": [
                {
                    "type": "Torsional",
                    "periodic": true,
                    "atom_ids": [
                        5,
                        7,
                        9,
                        15
                    ]
                },
                {
                    "type": "Torsional",
                    "periodic": true,
                    "atom_ids": [
                        7,
                        9,
                        15,
                        17
                    ]
                }
            ],
            "logfile": "log",
            "type": "LAMMPS",
            "method": {
                "initial_steps": 10000,
                "tolerance": [
                    0.001,
                    0.001
                ],
                "ksprings": [
                    100,
                    100
                ],
                "frequency": 1,
                "harvest_length": 10,
                "number_of_trajectories": 100,
                "swarm_length": 20,
                "flavor": "SWARM",
                "type": "String",
                "centers": [
                    0.762,
                    -1.595
                ],
                "max_iterations": 100000
            }
        },
        {
            "number processors": 1,
            "MDSteps": 100000000,
            "CVs": [
                {
                    "type": "Torsional",
                    "periodic": true,
                    "atom_ids": [
                        5,
                        7,
                        9,
                        15
                    ]
                },
                {
                    "type": "Torsional",
                    "periodic": true,
                    "atom_ids": [
                        7,
                        9,
                        15,
                        17
                    ]
                }
            ],
            "logfile": "log",
            "type": "LAMMPS",
            "method": {
                "initial_steps": 10000,
                "tolerance": [
                    0.001,
                    0.001
                ],
                "ksprings": [
                    100,
                    100
                ],
                "frequency": 1,
                "harvest_length": 10,
                "number_of_trajectories": 100,
                "swarm_length": 20,
                "flavor": "SWARM",
                "type": "String",
                "centers": [
                    0.87,
                    -1.74
                ],
                "max_iterations": 100000
            }
        }
    ],
    "inputfile": "in.ADP_Test"
}