{
    "inputfile" : "in.LAMMPS_Grid_Test",
    "observers": [
        {
            "file name": "test_restart",
            "frequency": 10,
            "type": "JSON"
        }
    ],
    "CVs" : [
        {
            "type" : "AtomCoordinate",
            "atom id" : 1,
            "dimension" : "x"
        }
    ],
    "grid" : {
            "lower" : [-1.5],
            "upper" : [2.0],
            "number_points" : [16]
    },
    "method" : {
        "type" : "GridTest"
    },
    "driver" : [
        {
            "number processors" : 1,
            "type" : "LAMMPS",
            "MDSteps" : 21,
            "logfile" : "node-1"
        }
    ]
}
