{
    "driver": [
        {
            "logfile": "log_0",
            "MDSteps": 10000000,
            "type": "LAMMPS",
            "method": {
                "flavor": "ElasticBand",
                "evolution_steps": 200,
                "tolerance": [
                    0.0001,
                    0.0001
                ],
                "ksprings": [
                    100,
                    100
                ],
                "kstring": 0.1,
                "frequency": 1,
                "equilibration_steps": 1000,
                "time_step": 0.1,
                "block_iterations": 20,
                "type": "String",
                "centers": [
                    -2.0944,
                    2.0944
                ],
                "max_iterations": 100000
            },
            "number processors": 1
        },
        {
            "number processors": 1,
            "logfile": "log_1",
            "type": "LAMMPS",
            "method": {
                "evolution_steps": 200,
                "type": "String",
                "ksprings": [
                    100,
                    100
                ],
                "kstring": 0.1,
                "centers": [
                    -1.8697,
                    1.8697
                ],
                "frequency": 1,
                "equilibration_steps": 1000,
                "time_step": 0.1,
                "flavor": "ElasticBand",
                "tolerance": [
                    0.0001,
                    0.0001
                ],
                "block_iterations": 20,
                "max_iterations": 100000
            },
            "MDSteps": 10000000
        },
        {
            "number processors": 1,
            "logfile": "log_2",
            "type": "LAMMPS",
            "method": {
                "evolution_steps": 200,
                "type": "String",
                "ksprings": [
                    100,
                    100
                ],
                "kstring": 0.1,
                "centers": [
                    -1.6451,
                    1.6451
                ],
                "frequency": 1,
                "equilibration_steps": 1000,
                "time_step": 0.1,
                "flavor": "ElasticBand",
                "tolerance": [
                    0.0001,
                    0.0001
                ],
                "block_iterations": 20,
                "max_iterations": 100000
            },
            "MDSteps": 10000000
        },
        {
            "number processors": 1,
            "logfile": "log_3",
            "type": "LAMMPS",
            "method": {
                "evolution_steps": 200,
                "type": "String",
                "ksprings": [
                    100,
                    100
                ],
                "kstring": 0.1,
                "centers": [
                    -1.4204,
                    1.4204
                ],
                "frequency": 1,
                "equilibration_steps": 1000,
                "time_step": 0.1,
                "flavor": "ElasticBand",
                "tolerance": [
                    0.0001,
                    0.0001
                ],
                "block_iterations": 20,
                "max_iterations": 100000
            },
            "MDSteps": 10000000
        },
        {
            "number processors": 1,
            "logfile": "log_4",
            "type": "LAMMPS",
            "method": {
                "evolution_steps": 200,
                "type": "String",
                "ksprings": [
                    100,
                    100
                ],
                "kstring": 0.1,
                "centers": [
                    -1.1958,
                    1.1958
                ],
                "frequency": 1,
                "equilibration_steps": 1000,
                "time_step": 0.1,
                "flavor": "ElasticBand",
                "tolerance": [
                    0.0001,
                    0.0001
                ],
                "block_iterations": 20,
                "max_iterations": 100000
            },
            "MDSteps": 10000000
        },
        {
            "number processors": 1,
            "logfile": "log_5",
            "type": "LAMMPS",
            "method": {
                "evolution_steps": 200,
                "type": "String",
                "ksprings": [
                    100,
                    100
                ],
                "kstring": 0.1,
                "centers": [
                    -0.9711,
                    0.9711
                ],
                "frequency": 1,
                "equilibration_steps": 1000,
                "time_step": 0.1,
                "flavor": "ElasticBand",
                "tolerance": [
                    0.0001,
                    0.0001
                ],
                "block_iterations": 20,
                "max_iterations": 100000
            },
            "MDSteps": 10000000
        },
        {
            "number processors": 1,
            "logfile": "log_6",
            "type": "LAMMPS",
            "method": {
                "evolution_steps": 200,
                "type": "String",
                "ksprings": [
                    100,
                    100
                ],
                "kstring": 0.1,
                "centers": [
                    -0.7465,
                    0.7465
                ],
                "frequency": 1,
                "equilibration_steps": 1000,
                "time_step": 0.1,
                "flavor": "ElasticBand",
                "tolerance": [
                    0.0001,
                    0.0001
                ],
                "block_iterations": 20,
                "max_iterations": 100000
            },
            "MDSteps": 10000000
        },
        {
            "number processors": 1,
            "logfile": "log_7",
            "type": "LAMMPS",
            "method": {
                "evolution_steps": 200,
                "type": "String",
                "ksprings": [
                    100,
                    100
                ],
                "kstring": 0.1,
                "centers": [
                    -0.5218,
                    0.5218
                ],
                "frequency": 1,
                "equilibration_steps": 1000,
                "time_step": 0.1,
                "flavor": "ElasticBand",
                "tolerance": [
                    0.0001,
                    0.0001
                ],
                "block_iterations": 20,
                "max_iterations": 100000
            },
            "MDSteps": 10000000
        },
        {
            "number processors": 1,
            "logfile": "log_8",
            "type": "LAMMPS",
            "method": {
                "evolution_steps": 200,
                "type": "String",
                "ksprings": [
                    100,
                    100
                ],
                "kstring": 0.1,
                "centers": [
                    -0.2972,
                    0.2972
                ],
                "frequency": 1,
                "equilibration_steps": 1000,
                "time_step": 0.1,
                "flavor": "ElasticBand",
                "tolerance": [
                    0.0001,
                    0.0001
                ],
                "block_iterations": 20,
                "max_iterations": 100000
            },
            "MDSteps": 10000000
        },
        {
            "number processors": 1,
            "logfile": "log_9",
            "type": "LAMMPS",
            "method": {
                "evolution_steps": 200,
                "type": "String",
                "ksprings": [
                    100,
                    100
                ],
                "kstring": 0.1,
                "centers": [
                    -0.0726,
                    0.0726
                ],
                "frequency": 1,
                "equilibration_steps": 1000,
                "time_step": 0.1,
                "flavor": "ElasticBand",
                "tolerance": [
                    0.0001,
                    0.0001
                ],
                "block_iterations": 20,
                "max_iterations": 100000
            },
            "MDSteps": 10000000
        },
        {
            "number processors": 1,
            "logfile": "log_10",
            "type": "LAMMPS",
            "method": {
                "evolution_steps": 200,
                "type": "String",
                "ksprings": [
                    100,
                    100
                ],
                "kstring": 0.1,
                "centers": [
                    0.1521,
                    -0.1521
                ],
                "frequency": 1,
                "equilibration_steps": 1000,
                "time_step": 0.1,
                "flavor": "ElasticBand",
                "tolerance": [
                    0.0001,
                    0.0001
                ],
                "block_iterations": 20,
                "max_iterations": 100000
            },
            "MDSteps": 10000000
        },
        {
            "number processors": 1,
            "logfile": "log_11",
            "type": "LAMMPS",
            "method": {
                "evolution_steps": 200,
                "type": "String",
                "ksprings": [
                    100,
                    100
                ],
                "kstring": 0.1,
                "centers": [
                    0.3767,
                    -0.3767
                ],
                "frequency": 1,
                "equilibration_steps": 1000,
                "time_step": 0.1,
                "flavor": "ElasticBand",
                "tolerance": [
                    0.0001,
                    0.0001
                ],
                "block_iterations": 20,
                "max_iterations": 100000
            },
            "MDSteps": 10000000
        },
        {
            "number processors": 1,
            "logfile": "log_12",
            "type": "LAMMPS",
            "method": {
                "evolution_steps": 200,
                "type": "String",
                "ksprings": [
                    100,
                    100
                ],
                "kstring": 0.1,
                "centers": [
                    0.6014,
                    -0.6014
                ],
                "frequency": 1,
                "equilibration_steps": 1000,
                "time_step": 0.1,
                "flavor": "ElasticBand",
                "tolerance": [
                    0.0001,
                    0.0001
                ],
                "block_iterations": 20,
                "max_iterations": 100000
            },
            "MDSteps": 10000000
        },
        {
            "number processors": 1,
            "logfile": "log_13",
            "type": "LAMMPS",
            "method": {
                "evolution_steps": 200,
                "type": "String",
                "ksprings": [
                    100,
                    100
                ],
                "kstring": 0.1,
                "centers": [
                    0.826,
                    -0.826
                ],
                "frequency": 1,
                "equilibration_steps": 1000,
                "time_step": 0.1,
                "flavor": "ElasticBand",
                "tolerance": [
                    0.0001,
                    0.0001
                ],
                "block_iterations": 20,
                "max_iterations": 100000
            },
            "MDSteps": 10000000
        },
        {
            "number processors": 1,
            "logfile": "log_14",
            "type": "LAMMPS",
            "method": {
                "evolution_steps": 200,
                "type": "String",
                "ksprings": [
                    100,
                    100
                ],
                "kstring": 0.1,
                "centers": [
                    1.0507,
                    -1.0507
                ],
                "frequency": 1,
                "equilibration_steps": 1000,
                "time_step": 0.1,
                "flavor": "ElasticBand",
                "tolerance": [
                    0.0001,
                    0.0001
                ],
                "block_iterations": 20,
                "max_iterations": 100000
            },
            "MDSteps": 10000000
        },
        {
            "number processors": 1,
            "logfile": "log_15",
            "type": "LAMMPS",
            "method": {
                "evolution_steps": 200,
                "type": "String",
                "ksprings": [
                    100,
                    100
                ],
                "kstring": 0.1,
                "centers": [
                    1.2753,
                    -1.2753
                ],
                "frequency": 1,
                "equilibration_steps": 1000,
                "time_step": 0.1,
                "flavor": "ElasticBand",
                "tolerance": [
                    0.0001,
                    0.0001
                ],
                "block_iterations": 20,
                "max_iterations": 100000
            },
            "MDSteps": 10000000
        }
    ],
    "CVs": [
        {
            "periodic": true,
            "type": "Torsional",
            "atom ids": [
                5,
                7,
                9,
                15
            ]
        },
        {
            "periodic": true,
            "type": "Torsional",
            "atom ids": [
                7,
                9,
                15,
                17
            ]
        }
    ],
    "inputfile": "in.ADP_Test"
}