{
	"inputfile" : "in.ADP_Test",
	"CVs" : [
		{
			"type" : "Torsional",
			"atom ids" : [
				5,
				7,
				9,
				15
			],
			"periodic" : true 
		},
		{
			"type": "Torsional",
			"atom ids" : [
				7,
				9,
				15,
				17
			],
			"periodic" : true
		}
	],
	"driver" : [
		{
			"number processors" : 1,
			"type" : "LAMMPS",
			"MDSteps" : 10000000,
			"logfile" : "none",
			"method" : {
				"type" : "String",
				"centers" : [-1.39, 1.31],
				"block_iterations": 20,
				"max_iterations" : 100000,
				"time_step" : 0.1,
				"frequency" : 1,
				"ksprings" : [100,100],
				"tolerance" : [0.0001, 0.0001],
				"flavor" : "ElasticBand",
				"equilibration_steps" : 1000,
				"evolution_steps" : 200,
				"kstring" : 0.1
			}
		}
	]
}
