{
    "observers": [
        {
            "file name": "test_restart",
            "frequency": 10,
            "type": "JSON"
        }
    ],
    "method": {
        "generate_configs": 5,
        "library_file": "library_input.dat",
        "results_file": "results.dat",
        "frequency": 1,
        "shots": 3,
        "type": "ForwardFlux",
        "centers": [
            1.1,
            1.0778,
            1.0556,
            1.0333,
            1.0111,
            0.9889,
            0.9667,
            0.9444,
            0.9222,
            0.9,
            0.8778,
            0.8556,
            0.8333,
            0.8111,
            0.7889,
            0.7667,
            0.7444,
            0.7222,
            0.7,
            0.6778,
            0.6556,
            0.6333,
            0.6111,
            0.5889,
            0.5667,
            0.5444,
            0.5222,
            0.5,
            0.4778,
            0.4556,
            0.4333,
            0.4111,
            0.3889,
            0.3667,
            0.3444,
            0.3222,
            0.3,
            0.2778,
            0.2556,
            0.2333,
            0.2111,
            0.1889,
            0.1667,
            0.1444,
            0.1222,
            0.1,
            0.0778,
            0.0556,
            0.0333,
            0.0111,
            -0.0111,
            -0.0333,
            -0.0556,
            -0.0778,
            -0.1,
            -0.1222,
            -0.1444,
            -0.1667,
            -0.1889,
            -0.2111,
            -0.2333,
            -0.2556,
            -0.2778,
            -0.3,
            -0.3222,
            -0.3444,
            -0.3667,
            -0.3889,
            -0.4111,
            -0.4333,
            -0.4556,
            -0.4778,
            -0.5,
            -0.5222,
            -0.5444,
            -0.5667,
            -0.5889,
            -0.6111,
            -0.6333,
            -0.6556,
            -0.6778,
            -0.7,
            -0.7222,
            -0.7444,
            -0.7667,
            -0.7889,
            -0.8111,
            -0.8333,
            -0.8556,
            -0.8778,
            -0.9,
            -0.9222,
            -0.9444,
            -0.9667,
            -0.9889,
            -1.0111,
            -1.0333,
            -1.0556,
            -1.0778,
            -1.1
        ],
        "index_file": "index.dat"
    },
    "driver": [
        {
            "logfile": "none",
            "MDSteps": 1000000000,
            "type": "LAMMPS",
            "number processors": 1
        }
    ],
    "CVs": [
        {
            "type": "AtomCoordinate",
            "atom id": 1,
            "dimension": "x"
        }
    ],
    "inputfile": "in.LAMMPS_FF_Test"
}
