{
	"type" : "object",
	"varname" : "ABFMethod",
	"properties" : {
		"type" : { 
			"type" : "string",
			"enum" : ["ABF"]
		},
		"CV_lower_bounds" : {
			"type" : "array",
			"minItems" : 1,
			"items" : {
				"type" : "number"
			}
		},
		"CV_upper_bounds" : {
			"type" : "array",
			"minItems" : 1,
			"items" : {
				"type" : "number"
			}
		},

		"CV_bins" : {
			"type" : "array",
			"minItems" : 1,
			"items" : {
				"type" : "integer"
			}
		},
		
		"CV_restraint_minimums" : {
			"type" : "array",
			"minItems" : 1,
			"items" : {
				"type" : "number"
			}
		},
		"CV_restraint_maximums" : {
			"type" : "array",
			"minItems" : 1,
			"items" : {
				"type" : "number"
			}
		},

		"CV_restraint_spring_constants" : {
			"type" : "array",
			"minItems" : 1,
			"items" : {
				"type" : "integer"
			}
		},
		"timestep" : {
			"type" : "number",
			"minimum" : 0
		},
		
		"minimum_count" : {
			"type" : "number",
			"minimum" : 0
		},

		"filename" : {
			"type" : "string"
		},
		
		"backup_frequency" : {
			"type" : "integer",
			"minimum" : 0
		},

		"unit_conversion" : {
			"type" : "number",
			"minimum" : 0
		},

		"F" : {
			"type" : "array",
			"minItems" : 1,
			"items" : {
				"type" : "number"
			}
		}, 
		
		"N" : {
			"type" : "array",
			"minItems" : 1,
			"items" : {
				"type" : "integer"
			}
		},

		"iteration" : {
			"type" : "integer"
		}, 

		"frequency" : {
			"type" : "integer",
			"minimum" : 1
		}
	},
	"required": ["type", "CV_lower_bounds", "CV_upper_bounds", "CV_restraint_minimums", "CV_restraint_maximums", "CV_restraint_spring_constants", "CV_bins", "timestep", "unit_conversion"],
	"additionalProperties": false
}
