{
	"type" : "object",
	"varname" : "ForwardFluxMethod",
	"properties" : {
		"type" : { 
			"type" : "string",
			"enum" : ["ForwardFlux"]
		},
		"index_file" : {
			"type" : "string"
		},
		"library_file" : {
			"type" : "string"
		},
		"results_file" : {
			"type" : "string"
		},
		"centers" : {
			"type" : "array",
			"minItems" : 1,
			"items" : {
				"type" : "number"
			}
		},
		"generate_configs" : {
			"type" : "integer",
			"minimum" : 1
		},
		"shots" : {
			"type" : "integer",
			"minimum" : 1
		},
		"frequency" : {
			"type" : "integer",
			"minimum" : 1
		},
		"restart_type" : {
			"type" : "string",
			"enum" : ["new_library", "from_library", "from_interface", "none"]
		},
		"library_point" : {
			"type" : "integer",
			"minimum" : 0
		},
		"current_hash" : {
			"type" : "integer",
			"minimum" : 1
		},
		"index_contents" : {
			"type" : "string"
		},
		"successes" : {
			"type" : "array",
			"minItems" : 1,
			"items" : {
				"type" : "integer",
				"minimum" : 0
			}
		},
		"current_shot" : {
			"type" : "integer",
			"minimum" : 0
		}
	},
	"required": ["type", "index_file", "library_file", "results_file",
	"centers", "generate_configs", "shots"],
	"additionalProperties": false
}
