{
	"type" : "object",
	"varname" : "MetadynamicsMethod",
	"properties" : {
		"type" : { 
			"type" : "string",
			"enum" : ["Metadynamics"]
		},
		"widths" : {
			"type" : "array",
			"minItems" : 1,
			"items" : {
				"type" : "number"
			}
		},
		"frequency" : {
			"type" : "integer",
			"minimum" : 1
		},
		"height" : {
			"type" : "number",
			"minimum" : 0,
			"exclusiveMinimum" : true
		},
		"hill_frequency" : {
			"type" : "integer",
			"minimum" : 1
		}
	},
	"required": ["type", "widths", "height", "frequency"],
	"additionalProperties": false
}
