{
	"type" : "object",
	"varname" : "StringMethod",
	"properties" : {
		"type" : { 
			"type" : "string",
			"enum" : ["String"]
		},
		"flavor" : {
			"type" : "string",
			"enum" : ["FTS", "SWARM", "ElasticBand"]
		},
		"centers" : {
			"type" : "array",
			"minItems" : 1,
			"items" : {
				"type" : "number"
			}
		},
		"tolerance" : {
			"type" : "array",
			"minItems" : 1,
			"items" : {
				"type" : "number",
				"minimum" : 0.0
			}
		},
		"max_iterations" : {
			"type" : "integer",
			"minimum" : 0
		},
		"ksprings" : {
			"type" : "array",
			"minItems" : 1,
			"items" : {
				"type" : "number"
			}
		},
		"frequency" : {
			"type" : "integer",
			"minimum" : 1
		},
		"iteration" : {
			"type" : "integer"
		}
	},
	"required": ["type", "centers", "max_iterations", 
		"ksprings", "flavor"]

}
