{
	"type" : "object",
	"varname" : "UmbrellaMethod",
	"properties" : {
		"type" : { 
			"type" : "string",
			"enum" : ["Umbrella"]
		},
		"ksprings" : {
			"type" : "array",
			"minItems" : 1,
			"items" : {
				"type" : "number"
			}
		},
		"centers" : {
			"type" : "array",
			"minItems" : 1,
			"items" : {
				"type" : "number"
			}
		},
		"centers0" : {
			"type" : "array",
			"minItems" : 1,
			"items" : {
				"type" : "number"
			}
		},
		"centers1" : {
			"type" : "array",
			"minItems" : 1,
			"items" : {
				"type" : "number"
			}
		},
		"timesteps" : {
			"type" : "integer",
			"minimum" : 0
		},
		"frequency" : {
			"type" : "integer",
			"minimum" : 1
		},
		"file name" :{
			"type" : "string"
		},
		"iteration" : {
			"type" : "integer"
		},
		"log every" : {
			"type" : "integer"
		}
	},
	"required": ["type", "ksprings", "file name"],
	"additionalProperties": false
}
