{
    "driver": [
        {
            "MDSteps": 10000000,
            "number processors": 1,
            "CVs": [
                {
                    "atom_ids": [
                        1
                    ],
                    "type": "ParticleCoordinate",
                    "dimension": "x"
                },
                {
                    "atom_ids": [
                        1
                    ],
                    "type": "ParticleCoordinate",
                    "dimension": "y"
                }
            ],
            "logfile": "log",
            "type": "LAMMPS",
            "method": {
                "initial_steps": 1000,
                "type": "String",
                "ksprings": [
                    500,
                    500
                ],
                "frequency": 1,
                "number_of_trajectories": 200,
                "swarm_length": 2,
                "harvest_length": 10,
                "flavor": "SWARM",
                "tolerance": [
                    0.0001,
                    0.0001
                ],
                "centers": [
                    -0.98,
                    -0.98
                ],
                "max_iterations": 1000
            }
        },
        {
            "number processors": 1,
            "MDSteps": 10000000,
            "CVs": [
                {
                    "type": "ParticleCoordinate",
                    "atom_ids": [
                        1
                    ],
                    "dimension": "x"
                },
                {
                    "type": "ParticleCoordinate",
                    "atom_ids": [
                        1
                    ],
                    "dimension": "y"
                }
            ],
            "logfile": "log",
            "type": "LAMMPS",
            "method": {
                "initial_steps": 1000,
                "tolerance": [
                    0.0001,
                    0.0001
                ],
                "ksprings": [
                    500,
                    500
                ],
                "frequency": 1,
                "harvest_length": 10,
                "number_of_trajectories": 200,
                "swarm_length": 2,
                "flavor": "SWARM",
                "type": "String",
                "centers": [
                    -0.887,
                    -0.887
                ],
                "max_iterations": 1000
            }
        },
        {
            "number processors": 1,
            "MDSteps": 10000000,
            "CVs": [
                {
                    "type": "ParticleCoordinate",
                    "atom_ids": [
                        1
                    ],
                    "dimension": "x"
                },
                {
                    "type": "ParticleCoordinate",
                    "atom_ids": [
                        1
                    ],
                    "dimension": "y"
                }
            ],
            "logfile": "log",
            "type": "LAMMPS",
            "method": {
                "initial_steps": 1000,
                "tolerance": [
                    0.0001,
                    0.0001
                ],
                "ksprings": [
                    500,
                    500
                ],
                "frequency": 1,
                "harvest_length": 10,
                "number_of_trajectories": 200,
                "swarm_length": 2,
                "flavor": "SWARM",
                "type": "String",
                "centers": [
                    -0.793,
                    -0.793
                ],
                "max_iterations": 1000
            }
        },
        {
            "number processors": 1,
            "MDSteps": 10000000,
            "CVs": [
                {
                    "type": "ParticleCoordinate",
                    "atom_ids": [
                        1
                    ],
                    "dimension": "x"
                },
                {
                    "type": "ParticleCoordinate",
                    "atom_ids": [
                        1
                    ],
                    "dimension": "y"
                }
            ],
            "logfile": "log",
            "type": "LAMMPS",
            "method": {
                "initial_steps": 1000,
                "tolerance": [
                    0.0001,
                    0.0001
                ],
                "ksprings": [
                    500,
                    500
                ],
                "frequency": 1,
                "harvest_length": 10,
                "number_of_trajectories": 200,
                "swarm_length": 2,
                "flavor": "SWARM",
                "type": "String",
                "centers": [
                    -0.7,
                    -0.7
                ],
                "max_iterations": 1000
            }
        },
        {
            "number processors": 1,
            "MDSteps": 10000000,
            "CVs": [
                {
                    "type": "ParticleCoordinate",
                    "atom_ids": [
                        1
                    ],
                    "dimension": "x"
                },
                {
                    "type": "ParticleCoordinate",
                    "atom_ids": [
                        1
                    ],
                    "dimension": "y"
                }
            ],
            "logfile": "log",
            "type": "LAMMPS",
            "method": {
                "initial_steps": 1000,
                "tolerance": [
                    0.0001,
                    0.0001
                ],
                "ksprings": [
                    500,
                    500
                ],
                "frequency": 1,
                "harvest_length": 10,
                "number_of_trajectories": 200,
                "swarm_length": 2,
                "flavor": "SWARM",
                "type": "String",
                "centers": [
                    -0.607,
                    -0.607
                ],
                "max_iterations": 1000
            }
        },
        {
            "number processors": 1,
            "MDSteps": 10000000,
            "CVs": [
                {
                    "type": "ParticleCoordinate",
                    "atom_ids": [
                        1
                    ],
                    "dimension": "x"
                },
                {
                    "type": "ParticleCoordinate",
                    "atom_ids": [
                        1
                    ],
                    "dimension": "y"
                }
            ],
            "logfile": "log",
            "type": "LAMMPS",
            "method": {
                "initial_steps": 1000,
                "tolerance": [
                    0.0001,
                    0.0001
                ],
                "ksprings": [
                    500,
                    500
                ],
                "frequency": 1,
                "harvest_length": 10,
                "number_of_trajectories": 200,
                "swarm_length": 2,
                "flavor": "SWARM",
                "type": "String",
                "centers": [
                    -0.513,
                    -0.513
                ],
                "max_iterations": 1000
            }
        },
        {
            "number processors": 1,
            "MDSteps": 10000000,
            "CVs": [
                {
                    "type": "ParticleCoordinate",
                    "atom_ids": [
                        1
                    ],
                    "dimension": "x"
                },
                {
                    "type": "ParticleCoordinate",
                    "atom_ids": [
                        1
                    ],
                    "dimension": "y"
                }
            ],
            "logfile": "log",
            "type": "LAMMPS",
            "method": {
                "initial_steps": 1000,
                "tolerance": [
                    0.0001,
                    0.0001
                ],
                "ksprings": [
                    500,
                    500
                ],
                "frequency": 1,
                "harvest_length": 10,
                "number_of_trajectories": 200,
                "swarm_length": 2,
                "flavor": "SWARM",
                "type": "String",
                "centers": [
                    -0.42,
                    -0.42
                ],
                "max_iterations": 1000
            }
        },
        {
            "number processors": 1,
            "MDSteps": 10000000,
            "CVs": [
                {
                    "type": "ParticleCoordinate",
                    "atom_ids": [
                        1
                    ],
                    "dimension": "x"
                },
                {
                    "type": "ParticleCoordinate",
                    "atom_ids": [
                        1
                    ],
                    "dimension": "y"
                }
            ],
            "logfile": "log",
            "type": "LAMMPS",
            "method": {
                "initial_steps": 1000,
                "tolerance": [
                    0.0001,
                    0.0001
                ],
                "ksprings": [
                    500,
                    500
                ],
                "frequency": 1,
                "harvest_length": 10,
                "number_of_trajectories": 200,
                "swarm_length": 2,
                "flavor": "SWARM",
                "type": "String",
                "centers": [
                    -0.327,
                    -0.327
                ],
                "max_iterations": 1000
            }
        },
        {
            "number processors": 1,
            "MDSteps": 10000000,
            "CVs": [
                {
                    "type": "ParticleCoordinate",
                    "atom_ids": [
                        1
                    ],
                    "dimension": "x"
                },
                {
                    "type": "ParticleCoordinate",
                    "atom_ids": [
                        1
                    ],
                    "dimension": "y"
                }
            ],
            "logfile": "log",
            "type": "LAMMPS",
            "method": {
                "initial_steps": 1000,
                "tolerance": [
                    0.0001,
                    0.0001
                ],
                "ksprings": [
                    500,
                    500
                ],
                "frequency": 1,
                "harvest_length": 10,
                "number_of_trajectories": 200,
                "swarm_length": 2,
                "flavor": "SWARM",
                "type": "String",
                "centers": [
                    -0.233,
                    -0.233
                ],
                "max_iterations": 1000
            }
        },
        {
            "number processors": 1,
            "MDSteps": 10000000,
            "CVs": [
                {
                    "type": "ParticleCoordinate",
                    "atom_ids": [
                        1
                    ],
                    "dimension": "x"
                },
                {
                    "type": "ParticleCoordinate",
                    "atom_ids": [
                        1
                    ],
                    "dimension": "y"
                }
            ],
            "logfile": "log",
            "type": "LAMMPS",
            "method": {
                "initial_steps": 1000,
                "tolerance": [
                    0.0001,
                    0.0001
                ],
                "ksprings": [
                    500,
                    500
                ],
                "frequency": 1,
                "harvest_length": 10,
                "number_of_trajectories": 200,
                "swarm_length": 2,
                "flavor": "SWARM",
                "type": "String",
                "centers": [
                    -0.14,
                    -0.14
                ],
                "max_iterations": 1000
            }
        },
        {
            "number processors": 1,
            "MDSteps": 10000000,
            "CVs": [
                {
                    "type": "ParticleCoordinate",
                    "atom_ids": [
                        1
                    ],
                    "dimension": "x"
                },
                {
                    "type": "ParticleCoordinate",
                    "atom_ids": [
                        1
                    ],
                    "dimension": "y"
                }
            ],
            "logfile": "log",
            "type": "LAMMPS",
            "method": {
                "initial_steps": 1000,
                "tolerance": [
                    0.0001,
                    0.0001
                ],
                "ksprings": [
                    500,
                    500
                ],
                "frequency": 1,
                "harvest_length": 10,
                "number_of_trajectories": 200,
                "swarm_length": 2,
                "flavor": "SWARM",
                "type": "String",
                "centers": [
                    -0.047,
                    -0.047
                ],
                "max_iterations": 1000
            }
        },
        {
            "number processors": 1,
            "MDSteps": 10000000,
            "CVs": [
                {
                    "type": "ParticleCoordinate",
                    "atom_ids": [
                        1
                    ],
                    "dimension": "x"
                },
                {
                    "type": "ParticleCoordinate",
                    "atom_ids": [
                        1
                    ],
                    "dimension": "y"
                }
            ],
            "logfile": "log",
            "type": "LAMMPS",
            "method": {
                "initial_steps": 1000,
                "tolerance": [
                    0.0001,
                    0.0001
                ],
                "ksprings": [
                    500,
                    500
                ],
                "frequency": 1,
                "harvest_length": 10,
                "number_of_trajectories": 200,
                "swarm_length": 2,
                "flavor": "SWARM",
                "type": "String",
                "centers": [
                    0.047,
                    0.047
                ],
                "max_iterations": 1000
            }
        },
        {
            "number processors": 1,
            "MDSteps": 10000000,
            "CVs": [
                {
                    "type": "ParticleCoordinate",
                    "atom_ids": [
                        1
                    ],
                    "dimension": "x"
                },
                {
                    "type": "ParticleCoordinate",
                    "atom_ids": [
                        1
                    ],
                    "dimension": "y"
                }
            ],
            "logfile": "log",
            "type": "LAMMPS",
            "method": {
                "initial_steps": 1000,
                "tolerance": [
                    0.0001,
                    0.0001
                ],
                "ksprings": [
                    500,
                    500
                ],
                "frequency": 1,
                "harvest_length": 10,
                "number_of_trajectories": 200,
                "swarm_length": 2,
                "flavor": "SWARM",
                "type": "String",
                "centers": [
                    0.14,
                    0.14
                ],
                "max_iterations": 1000
            }
        },
        {
            "number processors": 1,
            "MDSteps": 10000000,
            "CVs": [
                {
                    "type": "ParticleCoordinate",
                    "atom_ids": [
                        1
                    ],
                    "dimension": "x"
                },
                {
                    "type": "ParticleCoordinate",
                    "atom_ids": [
                        1
                    ],
                    "dimension": "y"
                }
            ],
            "logfile": "log",
            "type": "LAMMPS",
            "method": {
                "initial_steps": 1000,
                "tolerance": [
                    0.0001,
                    0.0001
                ],
                "ksprings": [
                    500,
                    500
                ],
                "frequency": 1,
                "harvest_length": 10,
                "number_of_trajectories": 200,
                "swarm_length": 2,
                "flavor": "SWARM",
                "type": "String",
                "centers": [
                    0.233,
                    0.233
                ],
                "max_iterations": 1000
            }
        },
        {
            "number processors": 1,
            "MDSteps": 10000000,
            "CVs": [
                {
                    "type": "ParticleCoordinate",
                    "atom_ids": [
                        1
                    ],
                    "dimension": "x"
                },
                {
                    "type": "ParticleCoordinate",
                    "atom_ids": [
                        1
                    ],
                    "dimension": "y"
                }
            ],
            "logfile": "log",
            "type": "LAMMPS",
            "method": {
                "initial_steps": 1000,
                "tolerance": [
                    0.0001,
                    0.0001
                ],
                "ksprings": [
                    500,
                    500
                ],
                "frequency": 1,
                "harvest_length": 10,
                "number_of_trajectories": 200,
                "swarm_length": 2,
                "flavor": "SWARM",
                "type": "String",
                "centers": [
                    0.327,
                    0.327
                ],
                "max_iterations": 1000
            }
        },
        {
            "number processors": 1,
            "MDSteps": 10000000,
            "CVs": [
                {
                    "type": "ParticleCoordinate",
                    "atom_ids": [
                        1
                    ],
                    "dimension": "x"
                },
                {
                    "type": "ParticleCoordinate",
                    "atom_ids": [
                        1
                    ],
                    "dimension": "y"
                }
            ],
            "logfile": "log",
            "type": "LAMMPS",
            "method": {
                "initial_steps": 1000,
                "tolerance": [
                    0.0001,
                    0.0001
                ],
                "ksprings": [
                    500,
                    500
                ],
                "frequency": 1,
                "harvest_length": 10,
                "number_of_trajectories": 200,
                "swarm_length": 2,
                "flavor": "SWARM",
                "type": "String",
                "centers": [
                    0.42,
                    0.42
                ],
                "max_iterations": 1000
            }
        },
        {
            "number processors": 1,
            "MDSteps": 10000000,
            "CVs": [
                {
                    "type": "ParticleCoordinate",
                    "atom_ids": [
                        1
                    ],
                    "dimension": "x"
                },
                {
                    "type": "ParticleCoordinate",
                    "atom_ids": [
                        1
                    ],
                    "dimension": "y"
                }
            ],
            "logfile": "log",
            "type": "LAMMPS",
            "method": {
                "initial_steps": 1000,
                "tolerance": [
                    0.0001,
                    0.0001
                ],
                "ksprings": [
                    500,
                    500
                ],
                "frequency": 1,
                "harvest_length": 10,
                "number_of_trajectories": 200,
                "swarm_length": 2,
                "flavor": "SWARM",
                "type": "String",
                "centers": [
                    0.513,
                    0.513
                ],
                "max_iterations": 1000
            }
        },
        {
            "number processors": 1,
            "MDSteps": 10000000,
            "CVs": [
                {
                    "type": "ParticleCoordinate",
                    "atom_ids": [
                        1
                    ],
                    "dimension": "x"
                },
                {
                    "type": "ParticleCoordinate",
                    "atom_ids": [
                        1
                    ],
                    "dimension": "y"
                }
            ],
            "logfile": "log",
            "type": "LAMMPS",
            "method": {
                "initial_steps": 1000,
                "tolerance": [
                    0.0001,
                    0.0001
                ],
                "ksprings": [
                    500,
                    500
                ],
                "frequency": 1,
                "harvest_length": 10,
                "number_of_trajectories": 200,
                "swarm_length": 2,
                "flavor": "SWARM",
                "type": "String",
                "centers": [
                    0.607,
                    0.607
                ],
                "max_iterations": 1000
            }
        },
        {
            "number processors": 1,
            "MDSteps": 10000000,
            "CVs": [
                {
                    "type": "ParticleCoordinate",
                    "atom_ids": [
                        1
                    ],
                    "dimension": "x"
                },
                {
                    "type": "ParticleCoordinate",
                    "atom_ids": [
                        1
                    ],
                    "dimension": "y"
                }
            ],
            "logfile": "log",
            "type": "LAMMPS",
            "method": {
                "initial_steps": 1000,
                "tolerance": [
                    0.0001,
                    0.0001
                ],
                "ksprings": [
                    500,
                    500
                ],
                "frequency": 1,
                "harvest_length": 10,
                "number_of_trajectories": 200,
                "swarm_length": 2,
                "flavor": "SWARM",
                "type": "String",
                "centers": [
                    0.7,
                    0.7
                ],
                "max_iterations": 1000
            }
        },
        {
            "number processors": 1,
            "MDSteps": 10000000,
            "CVs": [
                {
                    "type": "ParticleCoordinate",
                    "atom_ids": [
                        1
                    ],
                    "dimension": "x"
                },
                {
                    "type": "ParticleCoordinate",
                    "atom_ids": [
                        1
                    ],
                    "dimension": "y"
                }
            ],
            "logfile": "log",
            "type": "LAMMPS",
            "method": {
                "initial_steps": 1000,
                "tolerance": [
                    0.0001,
                    0.0001
                ],
                "ksprings": [
                    500,
                    500
                ],
                "frequency": 1,
                "harvest_length": 10,
                "number_of_trajectories": 200,
                "swarm_length": 2,
                "flavor": "SWARM",
                "type": "String",
                "centers": [
                    0.793,
                    0.793
                ],
                "max_iterations": 1000
            }
        },
        {
            "number processors": 1,
            "MDSteps": 10000000,
            "CVs": [
                {
                    "type": "ParticleCoordinate",
                    "atom_ids": [
                        1
                    ],
                    "dimension": "x"
                },
                {
                    "type": "ParticleCoordinate",
                    "atom_ids": [
                        1
                    ],
                    "dimension": "y"
                }
            ],
            "logfile": "log",
            "type": "LAMMPS",
            "method": {
                "initial_steps": 1000,
                "tolerance": [
                    0.0001,
                    0.0001
                ],
                "ksprings": [
                    500,
                    500
                ],
                "frequency": 1,
                "harvest_length": 10,
                "number_of_trajectories": 200,
                "swarm_length": 2,
                "flavor": "SWARM",
                "type": "String",
                "centers": [
                    0.887,
                    0.887
                ],
                "max_iterations": 1000
            }
        },
        {
            "number processors": 1,
            "MDSteps": 10000000,
            "CVs": [
                {
                    "type": "ParticleCoordinate",
                    "atom_ids": [
                        1
                    ],
                    "dimension": "x"
                },
                {
                    "type": "ParticleCoordinate",
                    "atom_ids": [
                        1
                    ],
                    "dimension": "y"
                }
            ],
            "logfile": "log",
            "type": "LAMMPS",
            "method": {
                "initial_steps": 1000,
                "tolerance": [
                    0.0001,
                    0.0001
                ],
                "ksprings": [
                    500,
                    500
                ],
                "frequency": 1,
                "harvest_length": 10,
                "number_of_trajectories": 200,
                "swarm_length": 2,
                "flavor": "SWARM",
                "type": "String",
                "centers": [
                    0.98,
                    0.98
                ],
                "max_iterations": 1000
            }
        }
    ],
    "inputfile": "in.LAMMPS_Meta_Test"
}