{
	"inputfile" : "in.LAMMPS_Meta_Test",
	"driver" : [
		{
			"number processors" : 1,
			"type" : "LAMMPS",
			"MDSteps" : 10000000,
			"logfile" : "log",
			"CVs" : [
				{
					"type" : "ParticleCoordinate",
					"atom_ids" : [
						1
					],
					"dimension" : "x"
				},
				{
					"type": "ParticleCoordinate",
					"atom_ids" : [
						1
					],
                    "dimension" : "y"
				}
			],
			"method" : {
				"type" : "String",
				"centers" : [
						-1.39,
                        1.31
				],
				"block_iterations": 50,
				"max_iterations" : 1000,
				"time_step" : 0.1,
				"frequency" : 1,
				"ksprings" : [750,750],
				"umbrella_iterations" : 2000,
				"flavor" : "FTS",
				"kappa" : 0.1
			}
		}
	]
}
