{
    "inputfile" : "clowns.in",
    "driver" : [
        {
            "inputfile" : "Butane_SSAGES.in0",
            "number processors" : 1,
            "type" : "LAMMPS",
            "MDSteps" : 100,
            "logfile" : "node-1",
            "CVs" : [
                {
                    "type" : "Torsional",
                    "atom ids" : [
                        1,
                        5,
                        8,
                        11
                    ],
                    "periodic" : true
                }
            ],
            "method" : {
                "type" : "ParallelTemp",
                "frequency" : 10
            }
        }
    ]
}
