{
	"type" : "object", 
	"varname" : "NematicDirectorCV", 
	"properties" : {
		"type" : {
			"type" : "string", 
			"enum" : ["NematicDirector"]
		},
		"groups" : {
			"type" : "array",
			"minItems" : 1,
			"items" : {
				"type" : "array",
				"minItems" : 1,
				"items" : {
					"type" : "integer",
					"minimum" : 0
				}
			}
		},
		"director" : {
			"type" : "array",
			"minItems" : 3,
			"maxItems" : 3,
			"items" : {
				"type" : "number"
			}
		},
		"bounds" : {
			"type" : "array",
			"minItems" : 2,
			"maxItems" : 2,
			"items" : {
				"type" : "number"
			}
		},
		"restriction" : {
			"type" : "object",
			"properties" : {
				"min" : {
					"type" : "number"
				},
				"max" : {
					"type" : "number"
				},
				"dimension" : {
					"type" : "string",
					"enum" : ["x", "y", "z"]
				}
			},
			"required" : ["min", "max", "dimension"],
			"additionalProperties" : false
		},
		"p2" : {
			"type" : "boolean"
		}
	},
	"required" : ["type", "groups", "director"],
	"additionalProperties" : false
}