{
	"type" : "object",
	"varname" : "ParticleSeparationCV",
	"properties" : {
		"type" : { 
			"type" : "string",
			"enum" : ["ParticleSeparation"]
		},
		"group1" : {
			"type" : "array",
			"minItems" : 1,
			"items" : {
				"type" : "integer",
				"minimum" : 0
			}
		},
		"group2" : {
			"type" : "array",
			"minItems" : 1,
			"items" : {
				"type" : "integer",
				"minimum" : 0
			}
		},
		"bounds" : {
			"type" : "array",
			"minItems" : 2,
			"maxItems" : 2,
			"items" : {
				"type" : "number"
			}
		}
	},
	"required": ["type", "group1", "group2"],
	"additionalProperties": false
}
