{
	"typename" : "object",
	"varname" : "ParticlePositionCV",
	"properties" : {
		"type" : { 
			"type" : "string",
			"enum" : ["ParticlePosition"]
		},
		"position" : {
			"type" : "array",
			"minItems" : 3,
			"maxItems" : 3,
			"items" : {
				"type" : "number"
			}
		},
		"fix" : {
			"type" : "array",
			"minItems" : 3,
			"maxItems" : 3,
			"items" : {
				"type" : "boolean"
			}
		},
		"atom_ids" : {
			"type" : "array",
			"minItems" : 1,
			"items" : {
				"type" : "integer",
				"minimum" : 0
			}
		},
		"bounds" : {
			"type" : "array",
			"minItems" : 2,
			"maxItems" : 2,
			"items" : {
				"type" : "number"
			}
		}
	},
	"required" : ["type", "atom_ids", "position", "fix"],
	"additionalProperties" : false
}