{
	"type" : "object",
	"varname" : "ParticleCoordinateCV",
	"properties" : {
		"type" : { 
			"type" : "string",
			"enum" : ["ParticleCoordinate"]
		},
		"dimension" : {
			"type" : "string",
			"enum" : ["x", "y", "z"]
		},
		"atom_ids" : {
			"type" : "array",
			"minItems" : 1,
			"items" : {
				"type" : "integer",
				"minimum" : 0
			}
		},
		"bounds" : {
			"type" : "array",
			"minItems" : 2,
			"maxItems" : 2,
			"items" : {
				"type" : "number"
			}
		}
	},
	"required": ["type", "atom_ids", "dimension"],
	"additionalProperties": false
}
