{
	"type" : "object",
	"varname" : "RMSDCV",
	"properties" : {
		"type" : { 
			"type" : "string",
			"enum" : ["RMSD"]
		},
		"reference" : {
			"type" : "string"
		},
		"atom ids" : {
			"type" : "array",
			"minItems" : 1,
			"items" : {
				"type" : "integer"
			}
		},
		"bounds" : {
			"type" : "array",
			"minItems" : 2,
			"maxItems" : 2,
			"items" : {
				"type" : "number"
					}
		},
		"use_range" : {
			"type" : "boolean"
		}
	},
	"required": ["type", "reference", "atom ids"],
	"additionalProperties": false
}
