{
	"type" : "object",
	"varname" : "TorsionalCV",
	"properties" : {
		"type" : { 
			"type" : "string",
			"enum" : ["Torsional"]
		},
		"atom_ids" : {
			"type" : "array",
			"minItems" : 4,
			"maxItems" : 4,
			"items" : {
				"type" : "integer",
				"minimum" : 0
			}
		},
		"periodic" : {
			"type" : "boolean"
		},
		"bounds" : {
			"type" : "array",
			"minItems" : 2,
			"maxItems" : 2,
			"items" : {
				"type" : "number"
					}
		}	
	},
	"required": ["type", "atom_ids"],
	"additionalProperties": false
}
