{
    "inputfile" : "Butane_SSAGES.in",
    "CVs" : [
        {
            "type" : "Torsional",
            "atom_ids" : [
                1,
                5,
                8,
                11
            ],
            "periodic" : true
        }
    ],
    "driver" : [
        {
            "inputfile" : "Butane_SSAGES.in",
            "number processors" : 1,
            "type" : "LAMMPS",
            "MDSteps" : 100000,
            "logfile" : "node-1",
            "method" : {
                "type" : "Umbrella",
                "ksprings" : [
                    1000
                ],
                "centers" : [
                    1.0
                ],
                "file name" : "node-1"
            }
        }
    ]
}
