{
    "inputfile" : "in.LAMMPS_Meta_Test",
    "CVs" : [
        {
            "type" : "ParticleCoordinate",
            "atom_ids" : [1],
            "dimension" : "x"
        },
        {
            "type" : "ParticleCoordinate",
            "atom_ids" : [1],
            "dimension" : "y"
        }
    ],
    "method" : {
        "type" : "Metadynamics",
        "widths" : [
            0.1,
            0.1
        ],
        "height" : 0.1,
    },
    "driver" : [
        {
            "number processors" : 1,
            "type" : "LAMMPS",
            "MDSteps" : 40000,
            "logfile" : "node-1"
        },
        {
            "number processors" : 1,
            "type" : "LAMMPS",
            "MDSteps" : 40000,
            "logfile" : "node-1"
        }
    ]
}
